Longitude,Latitude
-53.30607387541661,-11.00422748317152
-53.30661286458708,-11.004317314699932
-53.30562471777455,-11.0055749560977
-53.31891978397952,-11.006652934438643
-53.30517556013249,-11.006742765967054
-53.31757231105334,-11.006832597495466
-53.31523669131463,-11.008000407364822
-53.31523669131463,-11.008090238893233
-53.31748247952493,-11.008180070421647
-53.30257044580854,-11.008180070421647
-53.300773815240305,-11.00835973347847
-53.30068398371189,-11.008719059592117
-53.31559601742828,-11.009078385705765
-53.315506185899864,-11.009078385705765
-53.304097581791545,-11.009347880291001
-53.31451803908733,-11.009437711819412
-53.31712315341128,-11.009976700989885
-53.31451803908733,-11.009976700989885
-53.31379938686003,-11.009976700989885
-53.31370955533163,-11.009976700989885
-53.32305203428647,-11.010336027103532
-53.31451803908733,-11.010605521688769
-53.31442820755892,-11.010605521688769
-53.31451803908733,-11.01069535321718
-53.31442820755892,-11.01069535321718
-53.31442820755892,-11.010785184745592
-53.30337892956425,-11.010785184745592
-53.31406888144527,-11.010964847802416
-53.31397904991686,-11.010964847802416
-53.32314186581488,-11.01204282614336
-53.312451913933856,-11.012851309899068
-53.30849932668373,-11.01294114142748
-53.30840949515532,-11.01294114142748
-53.31182309323497,-11.013659793654774
-53.309577305024675,-11.01392928824001
-53.31227225087704,-11.014019119768422
-53.308858652797376,-11.014019119768422
-53.31038578878038,-11.014108951296835
-53.30876882126897,-11.014108951296835
-53.307241685285966,-11.014108951296835
-53.31038578878038,-11.014198782825247
-53.30876882126897,-11.014198782825247
-53.307241685285966,-11.014198782825247
-53.31083494642244,-11.014288614353658
-53.31164343017815,-11.014647940467306
-53.31155359864974,-11.014647940467306
-53.30679252764391,-11.01482760352413
-53.306702696115494,-11.01482760352413
-53.30858915821214,-11.01527676116619
-53.30796033751326,-11.01527676116619
-53.30921797891103,-11.015546255751426
-53.30778067445644,-11.015546255751426
-53.307421348342785,-11.015546255751426
-53.30867898974056,-11.01572591880825
-53.3097569680815,-11.015905581865074
-53.3097569680815,-11.015995413393485
-53.307870505984845,-11.016085244921898
-53.3075111798712,-11.016085244921898
-53.307870505984845,-11.01617507645031
-53.37236954338463,-11.016354739507133
-53.30508572860408,-11.016354739507133
-53.30984679960991,-11.016444571035546
-53.30867898974056,-11.016444571035546
-53.304367076376785,-11.016444571035546
-53.3075111798712,-11.016714065620782
-53.307421348342785,-11.016714065620782
-53.30876882126897,-11.016803897149194
-53.30391791873472,-11.016803897149194
-53.30876882126897,-11.016893728677605
-53.30391791873472,-11.016893728677605
-53.36949493447545,-11.016983560206016
-53.369405102947034,-11.016983560206016
-53.37335769019716,-11.01707339173443
-53.3082298320985,-11.01707339173443
-53.30355859262107,-11.017163223262841
-53.30715185375755,-11.017342886319664
-53.305534886246136,-11.017432717848077
-53.30544505471772,-11.017432717848077
-53.36904577683339,-11.017522549376489
-53.30652303305867,-11.017522549376489
-53.36904577683339,-11.0176123809049
-53.368955945304975,-11.0176123809049
-53.3037382556779,-11.017702212433313
-53.3037382556779,-11.017792043961725
-53.30661286458708,-11.017971707018548
-53.304367076376785,-11.017971707018548
-53.30337892956425,-11.018061538546961
-53.3082298320985,-11.018151370075373
-53.37335769019716,-11.018331033132196
-53.372998364083514,-11.018331033132196
-53.307870505984845,-11.018331033132196
-53.30607387541661,-11.018420864660609
-53.30706202222914,-11.018600527717432
-53.30679252764391,-11.018600527717432
-53.306702696115494,-11.018600527717432
-53.30706202222914,-11.018690359245845
-53.30679252764391,-11.018690359245845
-53.306702696115494,-11.018690359245845
-53.308140000570084,-11.018870022302668
-53.30589421235978,-11.018870022302668
-53.305804380831376,-11.018870022302668
-53.374166173952865,-11.01895985383108
-53.30778067445644,-11.01895985383108
-53.30589421235978,-11.019139516887904
-53.305804380831376,-11.019139516887904
-53.304367076376785,-11.019588674529963
-53.30418741331996,-11.019678506058376
-53.3075111798712,-11.019768337586788
-53.30472640249043,-11.019768337586788
-53.30239078275172,-11.019768337586788
-53.30230095122331,-11.019768337586788
-53.303648424149486,-11.0198581691152
-53.30355859262107,-11.0198581691152
-53.306433201530254,-11.020037832172024
-53.30634337000185,-11.020127663700436
-53.30607387541661,-11.020127663700436
-53.30292977192219,-11.020127663700436
-53.305534886246136,-11.020307326757258
-53.304546739433604,-11.020307326757258
-53.305534886246136,-11.020397158285672
-53.304546739433604,-11.020397158285672
-53.30589421235978,-11.020486989814083
-53.305804380831376,-11.020486989814083
-53.30463657096202,-11.020666652870908
-53.30337892956425,-11.02075648439932
-53.30616370694502,-11.020936147456142
-53.30445690790519,-11.021025978984555
-53.304367076376785,-11.021115810512967
-53.30652303305867,-11.021205642041378
-53.304367076376785,-11.021205642041378
-53.30652303305867,-11.021295473569792
-53.304367076376785,-11.021295473569792
-53.304367076376785,-11.021385305098203
-53.36644066250944,-11.021475136626615
-53.304367076376785,-11.021475136626615
-53.36554234722532,-11.021564968155026
-53.30445690790519,-11.02165479968344
-53.305355223189316,-11.021834462740262
-53.363745716657085,-11.02264294649597
-53.30319926650743,-11.02264294649597
-53.303109434979014,-11.02264294649597
-53.30319926650743,-11.022732778024382
-53.303109434979014,-11.022732778024382
-53.3030196034506,-11.022732778024382
-53.3030196034506,-11.022822609552794
-53.30292977192219,-11.022822609552794
-53.36284740137296,-11.023002272609618
-53.36284740137296,-11.02309210413803
-53.30292977192219,-11.023451430251678
-53.30275010886537,-11.023631093308502
-53.30257044580854,-11.023631093308502
-53.30257044580854,-11.023720924836914
-53.36302706442979,-11.023900587893737
-53.361050770804724,-11.023900587893737
-53.36302706442979,-11.02399041942215
-53.361050770804724,-11.02399041942215
-53.36212874914567,-11.024080250950561
-53.36329655901502,-11.024170082478973
-53.36320672748661,-11.024170082478973
-53.30113314135395,-11.024170082478973
-53.30041448912666,-11.024170082478973
-53.300324657598246,-11.024170082478973
-53.30185179358125,-11.024259914007386
-53.30041448912666,-11.024259914007386
-53.36185925456043,-11.024349745535797
-53.30517556013249,-11.024349745535797
-53.36257790678773,-11.024439577064209
-53.30131280441078,-11.02452940859262
-53.30499589707566,-11.024978566234681
-53.359164308708074,-11.025248060819917
-53.35898464565125,-11.025787049990388
-53.30490606554725,-11.0258768815188
-53.357457509668244,-11.026056544575624
-53.357277846611424,-11.026056544575624
-53.35646936285571,-11.02632603916086
-53.30463657096202,-11.026415870689272
-53.35772700425348,-11.026685365274508
-53.29062285252975,-11.028661658899571
-53.28658043375121,-11.029470142655278
-53.29107201017181,-11.029649805712102
-53.290712684058164,-11.030548120996222
-53.28909571654675,-11.030548120996222
-53.28900588501834,-11.030548120996222
-53.29295847226847,-11.03090744710987
-53.29295847226847,-11.030997278638282
-53.28927537960357,-11.031087110166693
-53.2932279668537,-11.031176941695106
-53.29206015698434,-11.031176941695106
-53.29268897768323,-11.03135660475193
-53.287658412092156,-11.03144643628034
-53.28864655890469,-11.031626099337165
-53.288377064319455,-11.03180576239399
-53.288377064319455,-11.031895593922401
-53.29017369488769,-11.032434583092872
-53.29008386335928,-11.032434583092872
-53.288826221961514,-11.032434583092872
-53.29295847226847,-11.032524414621285
-53.29143133628546,-11.032524414621285
-53.290712684058164,-11.032524414621285
-53.28586178152392,-11.032883740734933
-53.29439577672306,-11.032973572263344
-53.294305945194644,-11.032973572263344
-53.29206015698434,-11.032973572263344
-53.29439577672306,-11.033063403791756
-53.294305945194644,-11.033063403791756
-53.2887363904331,-11.033063403791756
-53.28846689584787,-11.033782056019053
-53.29107201017181,-11.034051550604287
-53.28559228693868,-11.0341413821327
-53.285502455410274,-11.0341413821327
-53.285232960825034,-11.0341413821327
-53.29664156493335,-11.034231213661112
-53.28828723279104,-11.034410876717935
-53.286670265279625,-11.034680371303171
-53.286221107637566,-11.034680371303171
-53.29062285252975,-11.034770202831584
-53.2894550426604,-11.034770202831584
-53.28936521113199,-11.034770202831584
-53.288377064319455,-11.034770202831584
-53.28631093916598,-11.034770202831584
-53.286221107637566,-11.034770202831584
-53.284334645540916,-11.034770202831584
-53.29601274423447,-11.034860034359996
-53.29107201017181,-11.034860034359996
-53.290982178643404,-11.034860034359996
-53.28954487418881,-11.034860034359996
-53.2894550426604,-11.034860034359996
-53.284334645540916,-11.034860034359996
-53.28819740126263,-11.035039697416819
-53.288107569734215,-11.035039697416819
-53.28774824362057,-11.035039697416819
-53.28774824362057,-11.035129528945232
-53.28864655890469,-11.035309192002055
-53.28864655890469,-11.035399023530466
-53.28963470571722,-11.03548885505888
-53.287388917506924,-11.03548885505888
-53.29017369488769,-11.035578686587291
-53.287658412092156,-11.035758349644116
-53.28577194999551,-11.035758349644116
-53.28702959139328,-11.036207507286175
-53.28541262388186,-11.036207507286175
-53.28702959139328,-11.036297338814586
-53.28541262388186,-11.036297338814586
-53.28702959139328,-11.036387170342998
-53.28577194999551,-11.036477001871411
-53.28415498248409,-11.036477001871411
-53.28469397165456,-11.036566833399823
-53.28460414012615,-11.036566833399823
-53.284334645540916,-11.036656664928234
-53.28631093916598,-11.036836327985059
-53.28801773820581,-11.037285485627118
-53.287927906677396,-11.037285485627118
-53.36805763002086,-11.038004137854413
-53.36805763002086,-11.038093969382826
-53.36805763002086,-11.038183800911238
-53.2842448140125,-11.038453295496474
-53.2827176780295,-11.038453295496474
-53.2842448140125,-11.038543127024885
-53.28307700414315,-11.038543127024885
-53.2842448140125,-11.038632958553297
-53.28298717261474,-11.038632958553297
-53.284783803182975,-11.03872279008171
-53.28325666719997,-11.039082116195358
-53.282897341086326,-11.039082116195358
-53.28280750955791,-11.039082116195358
-53.28469397165456,-11.03926177925218
-53.28460414012615,-11.03926177925218
-53.36805763002086,-11.039351610780594
-53.28469397165456,-11.039351610780594
-53.28460414012615,-11.039351610780594
-53.36823729307768,-11.039531273837417
-53.3684169561345,-11.039710936894242
-53.36976442906068,-11.039800768422653
-53.28388548789886,-11.04007026300789
-53.2827176780295,-11.04007026300789
-53.28406515095568,-11.040339757593125
-53.28397531942727,-11.040339757593125
-53.28253801497268,-11.040339757593125
-53.367967798492444,-11.040429589121537
-53.28253801497268,-11.040519420649948
-53.28451430859774,-11.040788915235185
-53.31047562030879,-11.041238072877244
-53.28217868885903,-11.041327904405657
-53.28208885733062,-11.041327904405657
-53.36904577683339,-11.041417735934068
-53.28217868885903,-11.041417735934068
-53.28208885733062,-11.041417735934068
-53.28244818344427,-11.04150756746248
-53.28244818344427,-11.041597398990891
-53.28235835191585,-11.041687230519305
-53.31047562030879,-11.041956725104539
-53.3135298922748,-11.042226219689775
-53.2827176780295,-11.042226219689775
-53.28235835191585,-11.042316051218188
-53.310295957251974,-11.042675377331836
-53.31020612572356,-11.042675377331836
-53.3691356083618,-11.042855040388659
-53.282897341086326,-11.042855040388659
-53.28280750955791,-11.042855040388659
-53.283346498728385,-11.043483861087543
-53.3691356083618,-11.043573692615954
-53.282627846501086,-11.04384318720119
-53.28199902580221,-11.044112681786427
-53.281909194273794,-11.044112681786427
-53.282627846501086,-11.044472007900074
-53.370393249759566,-11.044651670956899
-53.37030341823115,-11.044651670956899
-53.302660277336955,-11.044651670956899
-53.30993663113832,-11.044831334013722
-53.30876882126897,-11.04608897541149
-53.30176196205284,-11.046178806939901
-53.30993663113832,-11.046358469996726
-53.3097569680815,-11.046358469996726
-53.308858652797376,-11.046448301525137
-53.308858652797376,-11.046538133053549
-53.30876882126897,-11.046538133053549
-53.37165089115734,-11.047166953752432
-53.43812622218218,-11.047256785280846
-53.37174072268574,-11.047256785280846
-53.282627846501086,-11.047436448337669
-53.437587233011705,-11.04752627986608
-53.438575379824236,-11.047616111394493
-53.37263903796987,-11.04788560597973
-53.37192038574257,-11.048155100564964
-53.372279711856216,-11.048244932093377
-53.37236954338463,-11.0484245951502
-53.37263903796987,-11.048514426678611
-53.373178027140334,-11.048963584320672
-53.3736271847824,-11.049143247377495
-53.37452550006652,-11.04932291043432
-53.37452550006652,-11.049412741962731
-53.30086364676872,-11.049502573491143
-53.28244818344427,-11.049502573491143
-53.28181936274538,-11.049502573491143
-53.30086364676872,-11.049592405019556
-53.28244818344427,-11.049592405019556
-53.28181936274538,-11.049592405019556
-53.300773815240305,-11.049682236547968
-53.44019234733565,-11.049861899604792
-53.44010251580724,-11.049861899604792
-53.30131280441078,-11.049951731133204
-53.282627846501086,-11.049951731133204
-53.375872972992696,-11.050041562661615
-53.37551364687905,-11.050131394190027
-53.37479499465175,-11.05022122571844
-53.37470516312334,-11.05022122571844
-53.44001268427883,-11.050311057246851
-53.37578314146428,-11.050311057246851
-53.37551364687905,-11.050311057246851
-53.375423815350636,-11.050311057246851
-53.43246683589223,-11.05076021488891
-53.43246683589223,-11.051119541002558
-53.28451430859774,-11.051119541002558
-53.28253801497268,-11.051119541002558
-53.28137020510332,-11.051119541002558
-53.44019234733565,-11.051209372530971
-53.44010251580724,-11.051209372530971
-53.44019234733565,-11.051299204059383
-53.44010251580724,-11.051299204059383
-53.28442447706933,-11.051389035587794
-53.284334645540916,-11.051389035587794
-53.463368881665936,-11.051478867116206
-53.45779932690439,-11.051478867116206
-53.45770949537599,-11.051478867116206
-53.30014499454142,-11.051478867116206
-53.470555403938896,-11.051568698644619
-53.45537387563727,-11.051568698644619
-53.435251613272996,-11.051568698644619
-53.284783803182975,-11.051568698644619
-53.46345871319435,-11.05165853017303
-53.43543127632982,-11.05165853017303
-53.43534144480141,-11.05165853017303
-53.435251613272996,-11.05165853017303
-53.30023482606983,-11.05165853017303
-53.28469397165456,-11.05165853017303
-53.28460414012615,-11.05165853017303
-53.28307700414315,-11.05165853017303
-53.28181936274538,-11.05165853017303
-53.28172953121697,-11.05165853017303
-53.46345871319435,-11.051748361701442
-53.455014549523625,-11.051748361701442
-53.46795028961495,-11.051838193229855
-53.46435702847847,-11.051838193229855
-53.46345871319435,-11.051838193229855
-53.45519421258045,-11.051838193229855
-53.45510438105204,-11.051838193229855
-53.28388548789886,-11.051838193229855
-53.46804012114336,-11.051928024758267
-53.463818039307995,-11.051928024758267
-53.46345871319435,-11.051928024758267
-53.432377004363815,-11.051928024758267
-53.28235835191585,-11.051928024758267
-53.37874758190188,-11.052017856286678
-53.377759435089345,-11.052017856286678
-53.28487363471139,-11.052017856286678
-53.43866521135265,-11.05210768781509
-53.28154986816015,-11.05210768781509
-53.43866521135265,-11.052197519343503
-53.28154986816015,-11.052197519343503
-53.28128037357491,-11.052287350871914
-53.468848604899065,-11.052377182400326
-53.46543500681941,-11.052467013928737
-53.30993663113832,-11.052467013928737
-53.284334645540916,-11.052467013928737
-53.46543500681941,-11.05255684545715
-53.465075680705766,-11.05255684545715
-53.31110444100768,-11.05255684545715
-53.284334645540916,-11.05255684545715
-53.44225847248913,-11.052736508513973
-53.28029222676238,-11.052826340042387
-53.37856791884506,-11.052916171570798
-53.37928657107235,-11.05300600309921
-53.37928657107235,-11.053095834627621
-53.47163338227983,-11.053185666156034
-53.46723163738765,-11.053185666156034
-53.281460036631735,-11.053185666156034
-53.44971448934732,-11.053275497684446
-53.28406515095568,-11.053275497684446
-53.465973995989884,-11.053365329212857
-53.44989415240414,-11.053365329212857
-53.449804320875735,-11.053365329212857
-53.2834363302568,-11.053365329212857
-53.28181936274538,-11.053365329212857
-53.45294842437015,-11.05345516074127
-53.379466234129175,-11.05345516074127
-53.38162219081106,-11.053544992269682
-53.28577194999551,-11.053544992269682
-53.28451430859774,-11.053634823798093
-53.4472890380802,-11.053724655326505
-53.284334645540916,-11.053724655326505
-53.2834363302568,-11.053724655326505
-53.47172321380825,-11.053814486854918
-53.44872634253479,-11.053814486854918
-53.28361599331362,-11.05390431838333
-53.28361599331362,-11.053994149911741
-53.28298717261474,-11.054083981440153
-53.28172953121697,-11.054083981440153
-53.46768079502971,-11.054173812968566
-53.44827718489273,-11.054173812968566
-53.37982556024282,-11.054173812968566
-53.38835955544196,-11.054263644496977
-53.45016364698938,-11.054353476025389
-53.28442447706933,-11.054443307553802
-53.46866894184224,-11.054533139082213
-53.4465703858529,-11.054533139082213
-53.469118099484305,-11.054622970610625
-53.46866894184224,-11.054622970610625
-53.44755853266543,-11.054622970610625
-53.46947742559795,-11.054712802139036
-53.46902826795589,-11.054712802139036
-53.46866894184224,-11.054712802139036
-53.385574778061184,-11.054712802139036
-53.384945957362305,-11.054712802139036
-53.46947742559795,-11.05480263366745
-53.469297762541125,-11.05480263366745
-53.46920793101271,-11.05480263366745
-53.46866894184224,-11.05480263366745
-53.38162219081106,-11.05480263366745
-53.284334645540916,-11.05480263366745
-53.46947742559795,-11.054892465195861
-53.469297762541125,-11.054892465195861
-53.46920793101271,-11.054892465195861
-53.46866894184224,-11.054892465195861
-53.38162219081106,-11.054892465195861
-53.284334645540916,-11.054892465195861
-53.46902826795589,-11.054982296724273
-53.385395115004364,-11.055072128252684
-53.38530528347595,-11.055072128252684
-53.38458663124865,-11.055161959781097
-53.28325666719997,-11.055161959781097
-53.28128037357491,-11.055161959781097
-53.469118099484305,-11.05534162283792
-53.2849634662398,-11.05534162283792
-53.282897341086326,-11.05534162283792
-53.28280750955791,-11.05534162283792
-53.28487363471139,-11.055431454366333
-53.46965708865477,-11.055700948951568
-53.46965708865477,-11.055790780479981
-53.388718881555604,-11.055880612008393
-53.38853921849878,-11.056150106593629
-53.39069517518067,-11.0566890957641
-53.390605343652254,-11.0566890957641
-53.280741384404436,-11.056868758820924
-53.392042648106845,-11.05713825340616
-53.39258163727732,-11.057317916462983
-53.286670265279625,-11.057407747991396
-53.28577194999551,-11.057407747991396
-53.286670265279625,-11.057497579519808
-53.28577194999551,-11.057497579519808
-53.28702959139328,-11.05767724257663
-53.286670265279625,-11.058126400218692
-53.28676009680804,-11.058216231747103
-53.286670265279625,-11.058216231747103
-53.28864655890469,-11.058306063275515
-53.28864655890469,-11.058395894803928
-53.28747874903534,-11.058845052445987
-53.287388917506924,-11.058845052445987
-53.28891605348993,-11.059114547031223
-53.288377064319455,-11.05938404161646
-53.28954487418881,-11.059653536201694
-53.28954487418881,-11.059743367730107
-53.28864655890469,-11.059743367730107
-53.288826221961514,-11.060462019957402
-53.28801773820581,-11.060462019957402
-53.29035335794452,-11.060731514542638
-53.29017369488769,-11.061180672184697
-53.28999403183087,-11.061450166769934
-53.28990420030246,-11.061450166769934
-53.289814368774046,-11.061539998298345
-53.29143133628546,-11.063426460394997
-53.469118099484305,-11.064773933321176
-53.27589048187019,-11.068277362929242
-53.27580065034178,-11.068277362929242
-53.275710818813366,-11.068277362929242
-53.2744531774156,-11.068277362929242
-53.274273514358775,-11.06863668904289
-53.4224955362385,-11.068816352099713
-53.42240570471009,-11.068816352099713
-53.27436334588719,-11.0709723087816
-53.43767706454012,-11.071690961008896
-53.49445059049647,-11.072858770878252
-53.493642106740765,-11.073038433935075
-53.275531155756546,-11.0732180969919
-53.494091264382824,-11.073307928520311
-53.49400143285441,-11.073307928520311
-53.494091264382824,-11.073397760048723
-53.49400143285441,-11.073397760048723
-53.274093851301956,-11.073577423105547
-53.27400401977354,-11.073577423105547
-53.49427092743965,-11.073667254633959
-53.27355486213148,-11.075014727560138
-53.27589048187019,-11.07510455908855
-53.27580065034178,-11.07510455908855
-53.27355486213148,-11.07510455908855
-53.27589048187019,-11.075194390616963
-53.27580065034178,-11.075194390616963
-53.27355486213148,-11.075194390616963
-53.495798063422654,-11.075643548259022
-53.49570823189424,-11.075643548259022
-53.49588789495106,-11.075733379787433
-53.27562098728496,-11.075733379787433
-53.2744531774156,-11.075733379787433
-53.27562098728496,-11.075823211315846
-53.27481250352925,-11.076272368957905
-53.275531155756546,-11.077260515770437
-53.49966081914437,-11.077709673412496
-53.27526166117131,-11.077709673412496
-53.49966081914437,-11.07779950494091
-53.27526166117131,-11.07779950494091
-53.499840482201186,-11.078428325639793
-53.25325293671038,-11.082021586776271
-53.252624116011496,-11.082021586776271
-53.25460040963656,-11.082380912889919
-53.2782261016089,-11.093160696299352
-53.28092104746126,-11.093250527827765
-53.278136270080495,-11.093250527827765
-53.282627846501086,-11.093430190884588
-53.28065155287602,-11.093520022413001
-53.28056172134762,-11.093520022413001
-53.279753237591905,-11.093879348526649
-53.279753237591905,-11.094508169225533
-53.27885492230779,-11.095136989924416
-53.27885492230779,-11.095226821452828
-53.278585427722554,-11.095226821452828
-53.27876509077937,-11.095586147566475
-53.2789447538362,-11.096125136736948
-53.27876509077937,-11.097023452021066
-53.27211755767689,-11.097472609663127
-53.27085991627912,-11.09810143036201
-53.27085991627912,-11.098191261890422
-53.27885492230779,-11.098281093418834
-53.27732778632478,-11.09855058800407
-53.269512443352944,-11.098820082589306
-53.27714812326796,-11.098909914117717
-53.27705829173955,-11.098909914117717
-53.26978193793818,-11.098909914117717
-53.27714812326796,-11.098999745646129
-53.27705829173955,-11.098999745646129
-53.278585427722554,-11.099179408702954
-53.27714812326796,-11.099179408702954
-53.278315933137314,-11.099359071759777
-53.26897345418247,-11.099359071759777
-53.26816497042677,-11.099808229401837
-53.26816497042677,-11.099898060930249
-53.307870505984845,-11.09998789245866
-53.26439204623346,-11.100077723987074
-53.264302214705054,-11.100077723987074
-53.26421238317664,-11.100077723987074
-53.27759728091002,-11.1017845230269
-53.27759728091002,-11.101874354555312
-53.27750744938161,-11.101874354555312
-53.265020866932346,-11.10223368066896
-53.26564968763123,-11.102503175254196
-53.26564968763123,-11.102593006782607
-53.265470024574405,-11.102772669839432
-53.26555985610282,-11.102952332896255
-53.26555985610282,-11.103042164424668
-53.26493103540393,-11.10313199595308
-53.265739519159645,-11.103221827481491
-53.26511069846076,-11.103311659009902
-53.26564968763123,-11.103760816651963
-53.265290361517586,-11.10412014276561
-53.26520052998917,-11.10412014276561
-53.265290361517586,-11.105647278748615
-53.26520052998917,-11.105647278748615
-53.26493103540393,-11.106186267919085
-53.26582935068805,-11.106276099447497
-53.26421238317664,-11.106635425561146
-53.26582935068805,-11.107443909316853
-53.2646615408187,-11.107623572373678
-53.26277507872205,-11.107713403902089
-53.26304457330728,-11.1078032354305
-53.26304457330728,-11.107893066958912
-53.2646615408187,-11.107982898487325
-53.26564968763123,-11.10825239307256
-53.26564968763123,-11.108342224600973
-53.26564968763123,-11.108521887657796
-53.26555985610282,-11.108521887657796
-53.265470024574405,-11.108521887657796
-53.26636833985852,-11.108611719186209
-53.26627850833012,-11.108611719186209
-53.265020866932346,-11.108611719186209
-53.26663783444376,-11.10870155071462
-53.26663783444376,-11.108791382243032
-53.26681749750058,-11.108881213771443
-53.265739519159645,-11.108971045299857
-53.26564968763123,-11.108971045299857
-53.26439204623346,-11.109060876828268
-53.264302214705054,-11.109060876828268
-53.26421238317664,-11.109060876828268
-53.26286491025046,-11.109060876828268
-53.266188676801704,-11.109240539885091
-53.265290361517586,-11.109240539885091
-53.26520052998917,-11.109240539885091
-53.26421238317664,-11.109240539885091
-53.26034962745493,-11.109240539885091
-53.26627850833012,-11.109330371413504
-53.26582935068805,-11.109330371413504
-53.26654800291535,-11.109779529055563
-53.26645817138694,-11.109869360583975
-53.265919182216464,-11.109869360583975
-53.26582935068805,-11.109869360583975
-53.26349373094934,-11.109959192112388
-53.26340389942093,-11.109959192112388
-53.26367339400617,-11.1100490236408
-53.26151743732428,-11.110138855169211
-53.261697100381106,-11.110228686697624
-53.26160726885269,-11.110228686697624
-53.26564968763123,-11.110318518226036
-53.261697100381106,-11.110318518226036
-53.26160726885269,-11.110318518226036
-53.26609884527329,-11.110408349754447
-53.26600901374488,-11.110408349754447
-53.26609884527329,-11.110498181282859
-53.26600901374488,-11.110498181282859
-53.2563970402048,-11.110677844339683
-53.25630720867639,-11.110677844339683
-53.2646615408187,-11.110857507396506
-53.26609884527329,-11.11094733892492
-53.26600901374488,-11.11094733892492
-53.26223608955158,-11.11094733892492
-53.26124794273905,-11.111127001981743
-53.26385305706299,-11.111216833510156
-53.26385305706299,-11.111306665038567
-53.26385305706299,-11.111396496566979
-53.264032720119815,-11.11148632809539
-53.26286491025046,-11.111576159623803
-53.26133777426746,-11.111576159623803
-53.26484120387552,-11.112025317265863
-53.26439204623346,-11.112025317265863
-53.264302214705054,-11.112025317265863
-53.25388175740927,-11.112025317265863
-53.26645817138694,-11.112115148794274
-53.26457170929029,-11.112204980322687
-53.26295474177887,-11.112204980322687
-53.26457170929029,-11.112294811851099
-53.26295474177887,-11.112294811851099
-53.26268524719364,-11.11238464337951
-53.26205642649475,-11.11238464337951
-53.26511069846076,-11.112474474907922
-53.25325293671038,-11.112654137964746
-53.262595415665224,-11.112743969493158
-53.26250558413681,-11.112743969493158
-53.26133777426746,-11.112743969493158
-53.265919182216464,-11.112923632549982
-53.26232592107999,-11.112923632549982
-53.26196659496634,-11.112923632549982
-53.25729535548892,-11.113013464078394
-53.25720552396051,-11.113013464078394
-53.25558855644909,-11.113013464078394
-53.255229230335445,-11.113013464078394
-53.25531906186386,-11.113103295606805
-53.255229230335445,-11.113103295606805
-53.252893610596736,-11.113103295606805
-53.25280377906832,-11.113103295606805
-53.25531906186386,-11.113193127135219
-53.255229230335445,-11.113193127135219
-53.252893610596736,-11.113193127135219
-53.25280377906832,-11.113193127135219
-53.25531906186386,-11.11328295866363
-53.255229230335445,-11.11328295866363
-53.265020866932346,-11.113372790192042
-53.25702586090368,-11.113372790192042
-53.26178693190952,-11.113462621720453
-53.2624157526084,-11.113552453248866
-53.2563970402048,-11.113552453248866
-53.25630720867639,-11.113552453248866
-53.2541512519945,-11.113552453248866
-53.25361226282403,-11.11373211630569
-53.25145630614214,-11.11373211630569
-53.25361226282403,-11.1138219478341
-53.25361226282403,-11.113911779362514
-53.253522431295615,-11.114001610890925
-53.253522431295615,-11.114091442419337
-53.26106827968222,-11.114360937004573
-53.26178693190952,-11.114450768532985
-53.25406142046609,-11.114450768532985
-53.2624157526084,-11.114540600061398
-53.26151743732428,-11.114540600061398
-53.25406142046609,-11.114540600061398
-53.2534325997672,-11.114540600061398
-53.261158111210634,-11.11463043158981
-53.262146258023165,-11.11472026311822
-53.26151743732428,-11.114989757703457
-53.24777321347725,-11.115169420760282
-53.261158111210634,-11.115259252288693
-53.260888616625394,-11.115349083817105
-53.26079878509699,-11.115349083817105
-53.260708953568574,-11.115349083817105
-53.25361226282403,-11.115349083817105
-53.26079878509699,-11.115438915345516
-53.260708953568574,-11.115438915345516
-53.25172580072738,-11.11552874687393
-53.25361226282403,-11.115708409930752
-53.25361226282403,-11.115798241459164
-53.25325293671038,-11.115888072987577
-53.2534325997672,-11.115977904515988
-53.253342768238795,-11.115977904515988
-53.25154613767055,-11.116337230629636
-53.2548699042218,-11.11651689368646
-53.25388175740927,-11.11651689368646
-53.2548699042218,-11.116606725214872
-53.254780072693386,-11.116606725214872
-53.2548699042218,-11.116696556743284
-53.254780072693386,-11.116696556743284
-53.2541512519945,-11.116876219800108
-53.24983933863073,-11.117055882856931
-53.25172580072738,-11.117415208970579
-53.251635969198965,-11.117415208970579
-53.25154613767055,-11.117505040498992
-53.25154613767055,-11.117594872027404
-53.248491865704544,-11.118942344953583
-53.24840203417614,-11.120289817879762
-53.23744258770988,-11.120918638578646
-53.23744258770988,-11.121008470107057
-53.23744258770988,-11.12109830163547
-53.2376222507667,-11.123074595260533
-53.23861039757923,-11.12388307901624
-53.23977820744859,-11.124511899715124
-53.23977820744859,-11.124601731243535
-53.23977820744859,-11.124691562771948
-53.23932904980653,-11.126488193340187
-53.23932904980653,-11.126667856397011
-53.25774451313098,-11.140501911772452
-53.24552742526695,-11.141669721641806
-53.24462910998283,-11.142029047755454
-53.25648687173321,-11.142118879283867
-53.24525793068172,-11.142118879283867
-53.243281637056654,-11.142478205397515
-53.24355113164189,-11.142657868454338
-53.24319180552824,-11.142657868454338
-53.24310197399983,-11.142657868454338
-53.24337146858507,-11.14274769998275
-53.24561725679536,-11.142837531511162
-53.24552742526695,-11.143107026096398
-53.2436409631703,-11.143107026096398
-53.24552742526695,-11.14319685762481
-53.2436409631703,-11.14319685762481
-53.24444944692601,-11.143286689153221
-53.24462910998283,-11.143376520681635
-53.24319180552824,-11.143376520681635
-53.24310197399983,-11.143376520681635
-53.24301214247142,-11.143376520681635
-53.24382062622713,-11.143646015266869
-53.243281637056654,-11.143646015266869
-53.24382062622713,-11.143735846795282
-53.24373079469871,-11.143735846795282
-53.242562984829355,-11.144454499022578
-53.24337146858507,-11.1446341620794
-53.242383321772536,-11.1446341620794
-53.24301214247142,-11.145262982778284
-53.242832479414595,-11.145262982778284
-53.24229349024412,-11.145262982778284
-53.24220365871571,-11.145262982778284
-53.242832479414595,-11.145442645835109
-53.24382062622713,-11.14553247736352
-53.24247315330095,-11.14553247736352
-53.24202399565889,-11.14553247736352
-53.24382062622713,-11.145622308891932
-53.24175450107365,-11.146071466533993
-53.244718941511245,-11.146161298062404
-53.242562984829355,-11.14643079264764
-53.2436409631703,-11.146520624176052
-53.24507826762489,-11.146700287232877
-53.24507826762489,-11.146790118761288
-53.24651557207948,-11.1468799502897
-53.24346130011348,-11.1468799502897
-53.24229349024412,-11.146969781818111
-53.24220365871571,-11.146969781818111
-53.25001900168755,-11.147059613346524
-53.24373079469871,-11.147059613346524
-53.24409012081236,-11.14732910793176
-53.24400028928395,-11.14732910793176
-53.24229349024412,-11.14732910793176
-53.24220365871571,-11.14732910793176
-53.272387052262125,-11.147688434045408
-53.24507826762489,-11.14777826557382
-53.241125680374765,-11.14777826557382
-53.271398905449594,-11.147957928630642
-53.27130907392118,-11.147957928630642
-53.24444944692601,-11.147957928630642
-53.24319180552824,-11.147957928630642
-53.24310197399983,-11.147957928630642
-53.24121551190318,-11.147957928630642
-53.24148500648842,-11.148047760159056
-53.24121551190318,-11.148047760159056
-53.241574838016824,-11.148137591687467
-53.24148500648842,-11.148137591687467
-53.242383321772536,-11.148227423215879
-53.241574838016824,-11.148227423215879
-53.27202772614848,-11.148317254744292
-53.27077008475071,-11.148317254744292
-53.27059042169389,-11.148586749329526
-53.270500590165476,-11.148586749329526
-53.24409012081236,-11.148586749329526
-53.24400028928395,-11.148586749329526
-53.24858169723296,-11.14867658085794
-53.241125680374765,-11.14867658085794
-53.27103957933595,-11.148766412386351
-53.24858169723296,-11.148766412386351
-53.2443596153976,-11.148766412386351
-53.24265281635777,-11.148766412386351
-53.241125680374765,-11.148766412386351
-53.2443596153976,-11.148856243914762
-53.24121551190318,-11.148856243914762
-53.24265281635777,-11.148946075443174
-53.26978193793818,-11.14921557002841
-53.27085991627912,-11.149754559198882
-53.27077008475071,-11.149754559198882
-53.245437593738544,-11.15056304295459
-53.24166466954524,-11.15244950505124
-53.24391045775554,-11.152539336579652
-53.24148500648842,-11.152539336579652
-53.242562984829355,-11.153078325750124
-53.24678506666472,-11.153527483392184
-53.242383321772536,-11.153527483392184
-53.24462910998283,-11.153617314920597
-53.241574838016824,-11.153617314920597
-53.24202399565889,-11.153707146449008
-53.24166466954524,-11.153707146449008
-53.24202399565889,-11.15379697797742
-53.24166466954524,-11.15379697797742
-53.24417995234077,-11.153886809505833
-53.24265281635777,-11.154066472562656
-53.241125680374765,-11.154335967147892
-53.24274264788618,-11.154425798676304
-53.24103584884636,-11.154515630204715
-53.240946017317945,-11.154515630204715
-53.24085618578953,-11.154515630204715
-53.24076635426112,-11.154515630204715
-53.24651557207948,-11.154605461733128
-53.24103584884636,-11.154605461733128
-53.240676522732706,-11.154605461733128
-53.24058669120429,-11.154605461733128
-53.24651557207948,-11.15469529326154
-53.24103584884636,-11.15469529326154
-53.240676522732706,-11.15469529326154
-53.24058669120429,-11.15469529326154
-53.240496859675886,-11.154785124789951
-53.24040702814747,-11.154785124789951
-53.2443596153976,-11.154874956318364
-53.242562984829355,-11.155054619375187
-53.24462910998283,-11.155413945488835
-53.24453927845442,-11.155413945488835
-53.241395174960005,-11.155503777017246
-53.24130534343159,-11.155503777017246
-53.241125680374765,-11.155503777017246
-53.240676522732706,-11.155503777017246
-53.241395174960005,-11.15559360854566
-53.24130534343159,-11.15559360854566
-53.241125680374765,-11.15559360854566
-53.240676522732706,-11.15559360854566
-53.239688375920174,-11.155773271602483
-53.23959854439176,-11.155773271602483
-53.239508712863355,-11.155773271602483
-53.24202399565889,-11.155863103130896
-53.24669523513631,-11.155952934659307
-53.2443596153976,-11.155952934659307
-53.24166466954524,-11.155952934659307
-53.24076635426112,-11.156042766187719
-53.24058669120429,-11.15613259771613
-53.24417995234077,-11.156222429244544
-53.24148500648842,-11.156222429244544
-53.25028849627279,-11.156312260772955
-53.241574838016824,-11.156312260772955
-53.239239218278115,-11.156312260772955
-53.24983933863073,-11.156402092301366
-53.24247315330095,-11.156402092301366
-53.24983933863073,-11.156491923829778
-53.24247315330095,-11.156491923829778
-53.249749507102315,-11.156581755358191
-53.24103584884636,-11.156581755358191
-53.249749507102315,-11.156671586886603
-53.24462910998283,-11.156671586886603
-53.24247315330095,-11.156671586886603
-53.24534776221013,-11.156761418415014
-53.243281637056654,-11.156761418415014
-53.23941888133494,-11.156761418415014
-53.244269783869186,-11.156851249943427
-53.24417995234077,-11.156851249943427
-53.240946017317945,-11.156851249943427
-53.242383321772536,-11.156941081471839
-53.24175450107365,-11.15703091300025
-53.239957870505414,-11.15703091300025
-53.239059555221296,-11.15703091300025
-53.24175450107365,-11.157120744528662
-53.239239218278115,-11.157120744528662
-53.244269783869186,-11.157210576057075
-53.24651557207948,-11.157300407585486
-53.24651557207948,-11.157390239113898
-53.24265281635777,-11.15748007064231
-53.24085618578953,-11.157569902170723
-53.24004770203383,-11.157659733699134
-53.244988436096484,-11.157749565227546
-53.24409012081236,-11.157839396755959
-53.24400028928395,-11.157839396755959
-53.24103584884636,-11.157839396755959
-53.2443596153976,-11.15792922828437
-53.244269783869186,-11.15792922828437
-53.24417995234077,-11.15792922828437
-53.239868038977,-11.15792922828437
-53.239239218278115,-11.15792922828437
-53.24579691985219,-11.158019059812782
-53.245707088323776,-11.158019059812782
-53.246156245965835,-11.158108891341193
-53.246156245965835,-11.158198722869606
-53.24247315330095,-11.158288554398018
-53.23941888133494,-11.158558048983254
-53.24301214247142,-11.158647880511666
-53.242562984829355,-11.158737712040077
-53.238790060636056,-11.158737712040077
-53.23870022910764,-11.158737712040077
-53.24417995234077,-11.15882754356849
-53.242832479414595,-11.15882754356849
-53.242562984829355,-11.15882754356849
-53.24247315330095,-11.15882754356849
-53.24175450107365,-11.15882754356849
-53.2391493867497,-11.15882754356849
-53.23887989216447,-11.15882754356849
-53.238340902994,-11.15882754356849
-53.246156245965835,-11.158917375096902
-53.24534776221013,-11.159007206625313
-53.242562984829355,-11.159007206625313
-53.24148500648842,-11.159007206625313
-53.240676522732706,-11.159007206625313
-53.24534776221013,-11.159097038153725
-53.242562984829355,-11.159097038153725
-53.24148500648842,-11.159097038153725
-53.240676522732706,-11.159097038153725
-53.24004770203383,-11.159186869682138
-53.24022736509065,-11.15936653273896
-53.24939018098867,-11.159456364267374
-53.249300349460256,-11.159456364267374
-53.240496859675886,-11.159456364267374
-53.24040702814747,-11.159456364267374
-53.249480012517076,-11.159546195795786
-53.24921051793184,-11.159546195795786
-53.244718941511245,-11.159636027324197
-53.24453927845442,-11.159725858852608
-53.24956984404549,-11.160444511079906
-53.24319180552824,-11.160534342608317
-53.24310197399983,-11.160534342608317
-53.2436409631703,-11.160624174136728
-53.240946017317945,-11.160624174136728
-53.24175450107365,-11.16071400566514
-53.24525793068172,-11.161073331778788
-53.240676522732706,-11.161073331778788
-53.240676522732706,-11.1611631633072
-53.24525793068172,-11.161252994835612
-53.24247315330095,-11.161432657892437
-53.239957870505414,-11.161432657892437
-53.24148500648842,-11.161522489420848
-53.236364609368934,-11.161522489420848
-53.24148500648842,-11.16161232094926
-53.242383321772536,-11.161702152477671
-53.23932904980653,-11.161702152477671
-53.23429848421546,-11.161702152477671
-53.234208652687045,-11.161702152477671
-53.242383321772536,-11.161791984006085
-53.23932904980653,-11.161791984006085
-53.234208652687045,-11.161791984006085
-53.24175450107365,-11.161881815534496
-53.24166466954524,-11.161881815534496
-53.241574838016824,-11.161881815534496
-53.239239218278115,-11.161881815534496
-53.24633590902266,-11.161971647062908
-53.24382062622713,-11.161971647062908
-53.24525793068172,-11.162061478591319
-53.240496859675886,-11.162061478591319
-53.24040702814747,-11.162061478591319
-53.244988436096484,-11.162151310119732
-53.24274264788618,-11.162151310119732
-53.24247315330095,-11.162151310119732
-53.242383321772536,-11.162151310119732
-53.24274264788618,-11.162241141648144
-53.237801913823525,-11.162241141648144
-53.23771208229511,-11.162241141648144
-53.237352756181465,-11.162241141648144
-53.23771208229511,-11.162330973176555
-53.24507826762489,-11.162420804704968
-53.241125680374765,-11.162869962347028
-53.24552742526695,-11.16304962540385
-53.24624607749425,-11.163139456932264
-53.242832479414595,-11.163229288460675
-53.242383321772536,-11.163229288460675
-53.242113827187296,-11.163319119989087
-53.24202399565889,-11.163319119989087
-53.24076635426112,-11.163319119989087
-53.24202399565889,-11.1634089515175
-53.24202399565889,-11.163498783045911
-53.2436409631703,-11.163588614574323
-53.243281637056654,-11.163588614574323
-53.23672393548258,-11.163588614574323
-53.244988436096484,-11.163678446102734
-53.24229349024412,-11.163678446102734
-53.24220365871571,-11.163678446102734
-53.24391045775554,-11.163768277631148
-53.24319180552824,-11.163768277631148
-53.24310197399983,-11.163768277631148
-53.242113827187296,-11.163768277631148
-53.24193416413048,-11.163768277631148
-53.245976582909016,-11.163858109159559
-53.24193416413048,-11.163858109159559
-53.24669523513631,-11.16394794068797
-53.246605403607894,-11.16394794068797
-53.24346130011348,-11.164037772216382
-53.24301214247142,-11.164037772216382
-53.24265281635777,-11.164037772216382
-53.24085618578953,-11.164037772216382
-53.24319180552824,-11.164127603744795
-53.24310197399983,-11.164127603744795
-53.24085618578953,-11.164127603744795
-53.2458867513806,-11.164217435273207
-53.24373079469871,-11.164217435273207
-53.24453927845442,-11.164307266801618
-53.24453927845442,-11.164397098330031
-53.24561725679536,-11.164486929858443
-53.241844332602064,-11.164576761386854
-53.23708326159623,-11.164666592915266
-53.23699343006782,-11.164666592915266
-53.236903598539406,-11.164666592915266
-53.2458867513806,-11.164756424443679
-53.26196659496634,-11.164936087500502
-53.24076635426112,-11.164936087500502
-53.24121551190318,-11.165025919028913
-53.24229349024412,-11.165115750557327
-53.24220365871571,-11.165115750557327
-53.24148500648842,-11.165115750557327
-53.26205642649475,-11.165205582085738
-53.24417995234077,-11.165205582085738
-53.26205642649475,-11.16529541361415
-53.24417995234077,-11.16529541361415
-53.24417995234077,-11.165385245142563
-53.24525793068172,-11.165475076670974
-53.24292231094301,-11.165475076670974
-53.24076635426112,-11.165475076670974
-53.24022736509065,-11.165475076670974
-53.26232592107999,-11.165564908199386
-53.24301214247142,-11.165564908199386
-53.241125680374765,-11.165564908199386
-53.24076635426112,-11.165564908199386
-53.24022736509065,-11.165564908199386
-53.2458867513806,-11.165654739727797
-53.24579691985219,-11.165654739727797
-53.245707088323776,-11.165654739727797
-53.245168099153304,-11.165654739727797
-53.24337146858507,-11.165654739727797
-53.241395174960005,-11.165654739727797
-53.24130534343159,-11.165654739727797
-53.2391493867497,-11.165654739727797
-53.24606641443742,-11.16574457125621
-53.2458867513806,-11.16574457125621
-53.24579691985219,-11.16574457125621
-53.245707088323776,-11.16574457125621
-53.244269783869186,-11.16574457125621
-53.26205642649475,-11.165834402784622
-53.2458867513806,-11.165834402784622
-53.24579691985219,-11.165834402784622
-53.245707088323776,-11.165834402784622
-53.24076635426112,-11.165834402784622
-53.240676522732706,-11.165834402784622
-53.24058669120429,-11.165834402784622
-53.2458867513806,-11.165924234313033
-53.2436409631703,-11.165924234313033
-53.23932904980653,-11.165924234313033
-53.239239218278115,-11.165924234313033
-53.24507826762489,-11.166014065841445
-53.24247315330095,-11.166014065841445
-53.24534776221013,-11.166103897369858
-53.23932904980653,-11.166103897369858
-53.24534776221013,-11.16619372889827
-53.24409012081236,-11.166283560426681
-53.24400028928395,-11.166283560426681
-53.238071408408764,-11.166283560426681
-53.244269783869186,-11.166373391955094
-53.26205642649475,-11.166463223483506
-53.245168099153304,-11.166463223483506
-53.242832479414595,-11.166463223483506
-53.241844332602064,-11.166463223483506
-53.245976582909016,-11.166553055011917
-53.23896972369288,-11.166642886540329
-53.244718941511245,-11.166732718068742
-53.24391045775554,-11.166732718068742
-53.24121551190318,-11.166732718068742
-53.238251071465584,-11.166732718068742
-53.24633590902266,-11.166822549597153
-53.23861039757923,-11.167002212653976
-53.23861039757923,-11.16709204418239
-53.246425740551075,-11.167181875710801
-53.24633590902266,-11.167181875710801
-53.24337146858507,-11.167271707239212
-53.23843073452241,-11.167271707239212
-53.24247315330095,-11.167361538767626
-53.242562984829355,-11.167451370296037
-53.24561725679536,-11.167541201824449
-53.245976582909016,-11.16763103335286
-53.242562984829355,-11.16763103335286
-53.241395174960005,-11.167810696409685
-53.24130534343159,-11.167810696409685
-53.24247315330095,-11.167900527938096
-53.241844332602064,-11.167900527938096
-53.24085618578953,-11.167900527938096
-53.24076635426112,-11.167900527938096
-53.24247315330095,-11.167990359466508
-53.241844332602064,-11.167990359466508
-53.24085618578953,-11.167990359466508
-53.24076635426112,-11.167990359466508
-53.24175450107365,-11.168170022523332
-53.24103584884636,-11.168259854051744
-53.24525793068172,-11.168349685580157
-53.24265281635777,-11.168349685580157
-53.24193416413048,-11.16852934863698
-53.24076635426112,-11.168619180165392
-53.24085618578953,-11.168888674750628
-53.24076635426112,-11.168888674750628
-53.242832479414595,-11.168978506279041
-53.242562984829355,-11.168978506279041
-53.242832479414595,-11.169068337807452
-53.242562984829355,-11.169068337807452
-53.241125680374765,-11.169068337807452
-53.242383321772536,-11.169158169335864
-53.240496859675886,-11.1694276639211
-53.24462910998283,-11.171134462960927
-53.24462910998283,-11.172122609773458
-53.245976582909016,-11.172302272830283
-53.2458867513806,-11.172302272830283
-53.245976582909016,-11.172392104358694
-53.2458867513806,-11.172392104358694
-53.24462910998283,-11.172841262000754
-53.245168099153304,-11.173020925057578
-53.244718941511245,-11.173470082699637
-53.24265281635777,-11.173470082699637
-53.24534776221013,-11.173559914228049
-53.24373079469871,-11.173559914228049
-53.24606641443742,-11.173649745756462
-53.24417995234077,-11.173739577284874
-53.245976582909016,-11.17400907187011
-53.24489860456807,-11.17400907187011
-53.24480877303966,-11.17400907187011
-53.245976582909016,-11.174098903398521
-53.24489860456807,-11.174098903398521
-53.24480877303966,-11.174098903398521
-53.24579691985219,-11.174278566455346
-53.245707088323776,-11.174278566455346
-53.24939018098867,-11.17454806104058
-53.24417995234077,-11.174637892568994
-53.24409012081236,-11.174637892568994
-53.24400028928395,-11.174637892568994
-53.24983933863073,-11.174727724097405
-53.24444944692601,-11.175176881739464
-53.24579691985219,-11.175356544796289
-53.245707088323776,-11.175356544796289
-53.24444944692601,-11.175356544796289
-53.2436409631703,-11.175626039381525
-53.233579831988166,-11.176434523137232
-53.233579831988166,-11.176524354665645
-53.23313067434611,-11.177153175364527
-53.2338493265734,-11.178320985233883
-53.234028989630225,-11.178410816762295
-53.25657670326162,-11.17868031134753
-53.234028989630225,-11.178949805932767
-53.23393915810181,-11.178949805932767
-53.234478147272284,-11.179039637461178
-53.23393915810181,-11.17912946898959
-53.233310337402926,-11.179219300518003
-53.2345679788007,-11.179309132046415
-53.2345679788007,-11.179398963574826
-53.23555612561323,-11.17948879510324
-53.237352756181465,-11.184070203052247
-53.237352756181465,-11.18416003458066
-53.237352756181465,-11.184249866109072
-53.23744258770988,-11.20257549790511
-53.23681376701099,-11.20257549790511
-53.23645444089735,-11.20257549790511
-53.23645444089735,-11.202665329433522
-53.23681376701099,-11.20302465554717
-53.23681376701099,-11.203114487075583
-53.235915451726875,-11.203114487075583
-53.236364609368934,-11.203383981660817
-53.2360951147837,-11.20347381318923
-53.23600528325529,-11.20347381318923
-53.23789174535194,-11.203833139302878
-53.237801913823525,-11.203833139302878
-53.23438831574387,-11.20392297083129
-53.233759495044985,-11.204102633888114
-53.23744258770988,-11.204372128473349
-53.236364609368934,-11.204372128473349
-53.23744258770988,-11.204461960001762
-53.241844332602064,-11.204641623058585
-53.24292231094301,-11.20482128611541
-53.24247315330095,-11.205000949172232
-53.240676522732706,-11.205000949172232
-53.24247315330095,-11.205090780700646
-53.240676522732706,-11.205090780700646
-53.240676522732706,-11.205180612229057
-53.24247315330095,-11.205539938342705
-53.24004770203383,-11.205629769871116
-53.24346130011348,-11.206528085155236
-53.24229349024412,-11.206617916683648
-53.24220365871571,-11.206617916683648
-53.24085618578953,-11.206617916683648
-53.24076635426112,-11.206617916683648
-53.24417995234077,-11.206887411268884
-53.24265281635777,-11.206977242797295
-53.246156245965835,-11.208234884195063
-53.247593550420426,-11.210301009348537
-53.24750371889201,-11.210301009348537
-53.247593550420426,-11.21039084087695
-53.245976582909016,-11.21083999851901
-53.246156245965835,-11.211378987689482
-53.24696472972155,-11.211468819217894
-53.24678506666472,-11.212187471445189
-53.24822237111931,-11.2122773029736
-53.2458867513806,-11.212456966030425
-53.246156245965835,-11.212546797558836
-53.26106827968222,-11.234645353548178
-53.26367339400617,-11.234914848133412
-53.264481877761874,-11.23563350036071
-53.260439458983335,-11.236262321059593
-53.262595415665224,-11.23662164717324
-53.26250558413681,-11.23662164717324
-53.26457170929029,-11.236801310230064
-53.26457170929029,-11.236891141758475
-53.26097844815381,-11.246413283770142
-53.26052929051175,-11.256743909537517
-53.26106827968222,-11.264469420980944
-53.26133777426746,-11.264828747094594
-53.24552742526695,-11.267703356003775
-53.24552742526695,-11.267793187532188
-53.24507826762489,-11.268242345174247
-53.2376222507667,-11.268511839759483
-53.24507826762489,-11.269410155043603
-53.24507826762489,-11.269499986572015
-53.24507826762489,-11.269589818100426
-53.24507826762489,-11.269949144214074
-53.23393915810181,-11.269949144214074
-53.2338493265734,-11.269949144214074
-53.24507826762489,-11.270038975742485
-53.23366966351657,-11.270038975742485
-53.232771348232454,-11.270308470327722
-53.232771348232454,-11.270398301856135
-53.24453927845442,-11.270488133384546
-53.23286117976087,-11.270488133384546
-53.23286117976087,-11.270847459498194
-53.24453927845442,-11.27111695408343
-53.24453927845442,-11.271206785611842
-53.24453927845442,-11.271296617140253
-53.24462910998283,-11.27156611172549
-53.245168099153304,-11.271925437839137
-53.245168099153304,-11.272015269367548
-53.244988436096484,-11.272284763952785
-53.24453927845442,-11.27246442700961
-53.24409012081236,-11.27255425853802
-53.24453927845442,-11.273722068407377
-53.244718941511245,-11.2739017314642
-53.24462910998283,-11.2739017314642
-53.244718941511245,-11.273991562992613
-53.24462910998283,-11.273991562992613
-53.24337146858507,-11.276147519674499
-53.243281637056654,-11.276327182731324
-53.2992466792573,-11.277764487185914
-53.299067016200475,-11.277764487185914
-53.228728929453915,-11.280369601509861
-53.29879752161524,-11.280728927623509
-53.29870769008683,-11.280728927623509
-53.228728929453915,-11.280728927623509
-53.22926791862439,-11.28081875915192
-53.22881876098233,-11.28081875915192
-53.29897718467206,-11.280908590680333
-53.29897718467206,-11.280998422208745
-53.23034589696533,-11.282435726663335
-53.29879752161524,-11.282525558191747
-53.29870769008683,-11.282525558191747
-53.23061539155057,-11.282974715833808
-53.24103584884636,-11.283603536532691
-53.24103584884636,-11.283693368061103
-53.231154380721044,-11.283873031117928
-53.23959854439176,-11.284232357231575
-53.239508712863355,-11.284232357231575
-53.238790060636056,-11.284861177930459
-53.23870022910764,-11.284861177930459
-53.24004770203383,-11.28495100945887
-53.23941888133494,-11.28495100945887
-53.24013753356223,-11.285040840987282
-53.23205269600516,-11.285130672515693
-53.23169336989151,-11.285310335572518
-53.2316035383631,-11.285310335572518
-53.23133404377786,-11.285310335572518
-53.23250185364722,-11.285579830157754
-53.23142387530628,-11.285669661686166
-53.3217943928887,-11.286118819328225
-53.32170456136029,-11.286118819328225
-53.23268151670404,-11.286118819328225
-53.23816123993717,-11.286208650856638
-53.238071408408764,-11.286208650856638
-53.23798157688035,-11.286208650856638
-53.237352756181465,-11.286208650856638
-53.23816123993717,-11.28629848238505
-53.238071408408764,-11.28629848238505
-53.23798157688035,-11.28629848238505
-53.237352756181465,-11.28629848238505
-53.23295101128928,-11.286478145441874
-53.237352756181465,-11.286927303083933
-53.237352756181465,-11.287017134612345
-53.23286117976087,-11.287017134612345
-53.23699343006782,-11.287286629197581
-53.236903598539406,-11.287286629197581
-53.237352756181465,-11.287376460725993
-53.23672393548258,-11.287376460725993
-53.237352756181465,-11.287556123782817
-53.235645957141635,-11.28863410212376
-53.23528663102799,-11.289173091294233
-53.32314186581488,-11.289262922822644
-53.235196799499576,-11.289352754351055
-53.23510696797117,-11.289352754351055
-53.235196799499576,-11.28953241740788
-53.23510696797117,-11.28953241740788
-53.32547748555359,-11.289622248936292
-53.32538765402518,-11.289622248936292
-53.32457917026947,-11.289712080464703
-53.325567317082005,-11.28998157504994
-53.2345679788007,-11.28998157504994
-53.23474764185752,-11.290071406578353
-53.23438831574387,-11.290610395748823
-53.323411360400115,-11.291329047976118
-53.23133404377786,-11.292227363260238
-53.23106454919263,-11.292856183959122
-53.20573205818046,-11.293125678544358
-53.23061539155057,-11.29321551007277
-53.23052556002216,-11.29321551007277
-53.230884886135804,-11.293305341601181
-53.23061539155057,-11.293305341601181
-53.230884886135804,-11.293395173129595
-53.23061539155057,-11.293395173129595
-53.23097471766422,-11.293485004658006
-53.23061539155057,-11.293485004658006
-53.23079505460739,-11.293574836186417
-53.23070522307898,-11.293574836186417
-53.23061539155057,-11.293574836186417
-53.23097471766422,-11.293844330771654
-53.23322050587451,-11.294383319942126
-53.233310337402926,-11.294562982998949
-53.23313067434611,-11.294742646055774
-53.2045642483111,-11.294922309112597
-53.2045642483111,-11.29501214064101
-53.2045642483111,-11.295281635226244
-53.20474391136793,-11.296359613567189
-53.31182309323497,-11.301839336800317
-53.203755764555396,-11.303186809726496
-53.20294728079969,-11.303186809726496
-53.203755764555396,-11.303276641254909
-53.20294728079969,-11.303276641254909
-53.203755764555396,-11.30336647278332
-53.203755764555396,-11.303456304311732
-53.20366593302698,-11.303456304311732
-53.20285744927128,-11.304534282652677
-53.20357610149857,-11.3047139457095
-53.20177947093033,-11.3047139457095
-53.19989300883368,-11.305342766408383
-53.19980317730527,-11.305342766408383
-53.19989300883368,-11.305702092522031
-53.19980317730527,-11.305702092522031
-53.19989300883368,-11.305791924050443
-53.19980317730527,-11.305791924050443
-53.2007913241178,-11.305971587107267
-53.20070149258939,-11.305971587107267
-53.200431998004156,-11.306151250164092
-53.31945877314999,-11.306241081692503
-53.200431998004156,-11.306241081692503
-53.31945877314999,-11.306330913220915
-53.319368941621576,-11.306330913220915
-53.200431998004156,-11.306330913220915
-53.19953368272003,-11.306330913220915
-53.196838736867676,-11.306330913220915
-53.19603025311197,-11.306780070862974
-53.19971334577686,-11.307139396976623
-53.20097098717463,-11.308037712260742
-53.19612008464038,-11.308486869902802
-53.19692856839609,-11.308576701431214
-53.19423362254373,-11.30884619601645
-53.19531160088467,-11.309025859073273
-53.19522176935626,-11.309115690601686
-53.19297598114596,-11.309564848243745
-53.19279631808914,-11.309744511300568
-53.19270648656072,-11.309744511300568
-53.198725198964326,-11.309834342828982
-53.19935401966321,-11.310014005885805
-53.19073019293566,-11.310103837414218
-53.19073019293566,-11.31019366894263
-53.1970183999245,-11.310373331999452
-53.19692856839609,-11.310373331999452
-53.19755738909497,-11.310463163527865
-53.19719806298132,-11.310463163527865
-53.19710823145291,-11.310463163527865
-53.1970183999245,-11.310463163527865
-53.19719806298132,-11.310552995056277
-53.19710823145291,-11.310552995056277
-53.198276041322266,-11.310822489641513
-53.31119427253609,-11.311361478811984
-53.31110444100768,-11.311361478811984
-53.1894725515379,-11.311361478811984
-53.18902339389584,-11.311720804925631
-53.31092477795085,-11.312349625624515
-53.31308073463274,-11.312708951738163
-53.31308073463274,-11.312798783266576
-53.31344006074639,-11.312888614794987
-53.311912924763384,-11.312888614794987
-53.3142485445021,-11.313337772437047
-53.312451913933856,-11.31342760396546
-53.3142485445021,-11.313517435493871
-53.314338376030506,-11.314775076891639
-53.3128112400475,-11.314775076891639
-53.31379938686003,-11.31486490842005
-53.31370955533163,-11.31486490842005
-53.31344006074639,-11.31486490842005
-53.31344006074639,-11.314954739948462
-53.31344006074639,-11.315044571476875
-53.31263157699068,-11.315403897590523
-53.31263157699068,-11.315493729118934
-53.31568584895669,-11.315583560647346
-53.315057028257804,-11.315583560647346
-53.31487736520098,-11.315853055232582
-53.316943490354454,-11.315942886760993
-53.31676382729763,-11.315942886760993
-53.313350229217974,-11.315942886760993
-53.31326039768957,-11.316032718289406
-53.31703332188287,-11.316122549817818
-53.31541635437145,-11.31621238134623
-53.31451803908733,-11.31630221287464
-53.31451803908733,-11.316392044403054
-53.31658416424081,-11.316481875931466
-53.31451803908733,-11.316481875931466
-53.31568584895669,-11.316571707459877
-53.31559601742828,-11.316571707459877
-53.315506185899864,-11.316571707459877
-53.31541635437145,-11.316571707459877
-53.31451803908733,-11.316571707459877
-53.18686743721395,-11.316571707459877
-53.31703332188287,-11.31666153898829
-53.16665534332126,-11.316931033573525
-53.16593669109396,-11.316931033573525
-53.315775680485096,-11.317020865101938
-53.31379938686003,-11.317020865101938
-53.31370955533163,-11.317020865101938
-53.313619723803214,-11.317020865101938
-53.166835006378086,-11.317020865101938
-53.18695726874236,-11.31711069663035
-53.166835006378086,-11.31711069663035
-53.31631466965557,-11.31720052815876
-53.166835006378086,-11.31720052815876
-53.31631466965557,-11.317290359687172
-53.166835006378086,-11.317290359687172
-53.18686743721395,-11.317380191215586
-53.16764349013379,-11.317380191215586
-53.31442820755892,-11.317470022743997
-53.316943490354454,-11.317649685800822
-53.16656551179285,-11.317649685800822
-53.16638584873602,-11.317919180386056
-53.31676382729763,-11.31800901191447
-53.312451913933856,-11.31800901191447
-53.16422989205414,-11.31800901191447
-53.31676382729763,-11.31809884344288
-53.312451913933856,-11.31809884344288
-53.16422989205414,-11.31809884344288
-53.31541635437145,-11.318188674971292
-53.16854180541791,-11.318188674971292
-53.31703332188287,-11.318278506499704
-53.31514685978622,-11.318278506499704
-53.31254174546227,-11.318368338028117
-53.33131653490037,-11.318458169556529
-53.314787533672565,-11.31854800108494
-53.316494332712395,-11.318637832613353
-53.31640450118398,-11.318637832613353
-53.3180214686954,-11.318727664141765
-53.31595534354192,-11.318727664141765
-53.32116557218982,-11.318817495670176
-53.318650289394284,-11.318817495670176
-53.31676382729763,-11.318907327198588
-53.316045175070336,-11.318907327198588
-53.16306208218478,-11.318907327198588
-53.31676382729763,-11.318997158727
-53.316045175070336,-11.318997158727
-53.16306208218478,-11.318997158727
-53.321524898303466,-11.319086990255412
-53.31676382729763,-11.319086990255412
-53.16899096305997,-11.319086990255412
-53.168901131531555,-11.319086990255412
-53.321524898303466,-11.319176821783824
-53.318829952451104,-11.319176821783824
-53.318650289394284,-11.319176821783824
-53.16611635415079,-11.319266653312235
-53.17141641432709,-11.319356484840648
-53.31586551201351,-11.319536147897471
-53.17114691974186,-11.319536147897471
-53.16881130000315,-11.319536147897471
-53.16836214236108,-11.319536147897471
-53.16351123982684,-11.319715810954296
-53.17024860445774,-11.319805642482708
-53.16827231083268,-11.319805642482708
-53.16719433249173,-11.319805642482708
-53.16710450096332,-11.319805642482708
-53.16575702803714,-11.319805642482708
-53.16387056594049,-11.319805642482708
-53.163241745241606,-11.319805642482708
-53.17024860445774,-11.319895474011119
-53.16827231083268,-11.319895474011119
-53.16719433249173,-11.319895474011119
-53.16710450096332,-11.319895474011119
-53.16575702803714,-11.319895474011119
-53.16387056594049,-11.319895474011119
-53.163241745241606,-11.319895474011119
-53.17024860445774,-11.319985305539532
-53.16908079458838,-11.319985305539532
-53.172763887253275,-11.320075137067944
-53.17042826751456,-11.320075137067944
-53.17024860445774,-11.320075137067944
-53.31622483812716,-11.320164968596355
-53.1722248980828,-11.320164968596355
-53.1654875334519,-11.320164968596355
-53.163690902883666,-11.320164968596355
-53.16360107135525,-11.320164968596355
-53.31784180563857,-11.320254800124767
-53.31667399576922,-11.32034463165318
-53.316943490354454,-11.320434463181591
-53.31595534354192,-11.320434463181591
-53.31891978397952,-11.320614126238416
-53.31685365882604,-11.320614126238416
-53.163690902883666,-11.320614126238416
-53.16360107135525,-11.320614126238416
-53.31568584895669,-11.320703957766828
-53.18686743721395,-11.320703957766828
-53.16854180541791,-11.320703957766828
-53.16252309301431,-11.320703957766828
-53.31568584895669,-11.320793789295239
-53.18686743721395,-11.320793789295239
-53.16854180541791,-11.320793789295239
-53.16252309301431,-11.320793789295239
-53.31927911009316,-11.32088362082365
-53.31676382729763,-11.32088362082365
-53.16908079458838,-11.32088362082365
-53.318829952451104,-11.320973452352064
-53.31676382729763,-11.320973452352064
-53.17042826751456,-11.320973452352064
-53.170338435986146,-11.320973452352064
-53.1722248980828,-11.321063283880475
-53.32763344223548,-11.321153115408887
-53.31918927856476,-11.321153115408887
-53.316045175070336,-11.321153115408887
-53.31379938686003,-11.3212429469373
-53.18426232289,-11.3212429469373
-53.172045235025976,-11.321332778465711
-53.163690902883666,-11.321332778465711
-53.16360107135525,-11.321332778465711
-53.16315191371319,-11.321332778465711
-53.31658416424081,-11.321422609994123
-53.316494332712395,-11.321422609994123
-53.31640450118398,-11.321422609994123
-53.31631466965557,-11.321422609994123
-53.172045235025976,-11.321422609994123
-53.31945877314999,-11.321512441522534
-53.16306208218478,-11.321512441522534
-53.16988927834409,-11.321602273050948
-53.323680854985355,-11.321692104579359
-53.16988927834409,-11.321692104579359
-53.190370866822015,-11.32178193610777
-53.16378073441208,-11.32178193610777
-53.18309451302065,-11.321871767636182
-53.183004681492235,-11.321871767636182
-53.166835006378086,-11.321871767636182
-53.163241745241606,-11.321871767636182
-53.195131937827846,-11.321961599164595
-53.164140060525725,-11.321961599164595
-53.31909944703634,-11.322051430693007
-53.31900961550793,-11.322051430693007
-53.31658416424081,-11.322051430693007
-53.3195486046784,-11.322141262221418
-53.31712315341128,-11.322141262221418
-53.19638957922562,-11.322141262221418
-53.16162477773019,-11.322320925278243
-53.31918927856476,-11.322410756806654
-53.16297225065637,-11.322410756806654
-53.320536751490934,-11.322500588335066
-53.17114691974186,-11.322500588335066
-53.320536751490934,-11.322590419863479
-53.17114691974186,-11.322590419863479
-53.33428097533796,-11.32268025139189
-53.3142485445021,-11.32268025139189
-53.162433261485894,-11.32268025139189
-53.32080624607617,-11.322770082920302
-53.31918927856476,-11.322770082920302
-53.17087742515662,-11.322770082920302
-53.16144511467336,-11.322770082920302
-53.16126545161654,-11.322770082920302
-53.16521803886667,-11.322859914448713
-53.1654875334519,-11.322949745977127
-53.182555523850176,-11.323039577505538
-53.18246569232176,-11.32312940903395
-53.18237586079335,-11.32312940903395
-53.18228602926494,-11.32312940903395
-53.16863163694632,-11.32312940903395
-53.16854180541791,-11.32312940903395
-53.168451973889496,-11.32312940903395
-53.16836214236108,-11.32312940903395
-53.16485871275302,-11.32312940903395
-53.16135528314496,-11.32312940903395
-53.32044691996252,-11.323219240562363
-53.18246569232176,-11.323219240562363
-53.18237586079335,-11.323219240562363
-53.18228602926494,-11.323219240562363
-53.18219619773652,-11.323219240562363
-53.18210636620812,-11.323219240562363
-53.182016534679704,-11.323219240562363
-53.170338435986146,-11.323219240562363
-53.17024860445774,-11.323219240562363
-53.17015877292933,-11.323219240562363
-53.17006894140091,-11.323219240562363
-53.168721468474736,-11.323219240562363
-53.18363350219112,-11.323309072090774
-53.16189427231543,-11.323309072090774
-53.161804440787016,-11.323309072090774
-53.18363350219112,-11.323398903619186
-53.16189427231543,-11.323398903619186
-53.161804440787016,-11.323398903619186
-53.16108578855972,-11.323398903619186
-53.31829096328063,-11.323488735147597
-53.318201131752225,-11.323488735147597
-53.16979944681568,-11.323488735147597
-53.16970961528727,-11.323488735147597
-53.163690902883666,-11.323488735147597
-53.16360107135525,-11.323488735147597
-53.16288241912796,-11.323488735147597
-53.31999776232046,-11.32357856667601
-53.31990793079205,-11.32357856667601
-53.31811130022381,-11.32357856667601
-53.16405022899731,-11.32357856667601
-53.163690902883666,-11.323758229732833
-53.16360107135525,-11.323758229732833
-53.318650289394284,-11.323848061261245
-53.19315564420278,-11.323848061261245
-53.31999776232046,-11.323937892789658
-53.31990793079205,-11.323937892789658
-53.164140060525725,-11.323937892789658
-53.163690902883666,-11.323937892789658
-53.16360107135525,-11.323937892789658
-53.18165720856606,-11.32402772431807
-53.18039956716829,-11.32402772431807
-53.180309735639874,-11.32402772431807
-53.18021990411146,-11.32402772431807
-53.31856045786587,-11.324117555846481
-53.17995040952623,-11.324117555846481
-53.18021990411146,-11.324207387374894
-53.16405022899731,-11.324207387374894
-53.18021990411146,-11.324297218903306
-53.16405022899731,-11.324297218903306
-53.318650289394284,-11.324387050431717
-53.320267256905694,-11.324476881960129
-53.31972826773523,-11.324476881960129
-53.31487736520098,-11.324476881960129
-53.18309451302065,-11.324746376545365
-53.183004681492235,-11.324746376545365
-53.31891978397952,-11.32492603960219
-53.31209258782021,-11.32492603960219
-53.3120027562918,-11.32492603960219
-53.31254174546227,-11.325015871130601
-53.31038578878038,-11.325015871130601
-53.31514685978622,-11.325105702659013
-53.16315191371319,-11.325105702659013
-53.31514685978622,-11.325195534187426
-53.16315191371319,-11.325195534187426
-53.320536751490934,-11.325285365715837
-53.314787533672565,-11.325285365715837
-53.31523669131463,-11.325554860301073
-53.31514685978622,-11.325554860301073
-53.3217943928887,-11.325644691829485
-53.32170456136029,-11.325644691829485
-53.31595534354192,-11.325644691829485
-53.162253598429075,-11.325644691829485
-53.32709445306501,-11.325734523357896
-53.3217943928887,-11.325734523357896
-53.32170456136029,-11.325734523357896
-53.321255403718226,-11.325734523357896
-53.31559601742828,-11.325734523357896
-53.315506185899864,-11.325734523357896
-53.314787533672565,-11.325734523357896
-53.32215371900235,-11.325824354886308
-53.3217943928887,-11.325824354886308
-53.32170456136029,-11.325824354886308
-53.321255403718226,-11.325824354886308
-53.31568584895669,-11.325824354886308
-53.31559601742828,-11.325824354886308
-53.315506185899864,-11.325824354886308
-53.31532652284304,-11.325824354886308
-53.321255403718226,-11.325914186414721
-53.31442820755892,-11.325914186414721
-53.159917978690366,-11.325914186414721
-53.32260287664441,-11.326004017943132
-53.32233338205917,-11.326004017943132
-53.31442820755892,-11.326004017943132
-53.32269270817282,-11.326093849471544
-53.32260287664441,-11.326093849471544
-53.32233338205917,-11.326093849471544
-53.31442820755892,-11.326093849471544
-53.17815377895799,-11.326183680999957
-53.321974055945525,-11.326453175585192
-53.30894848432579,-11.326543007113605
-53.30876882126897,-11.326543007113605
-53.171057088213445,-11.326543007113605
-53.160816293974484,-11.326543007113605
-53.32062658301935,-11.326632838642016
-53.320536751490934,-11.326632838642016
-53.30894848432579,-11.326632838642016
-53.17114691974186,-11.326632838642016
-53.17042826751456,-11.326632838642016
-53.170338435986146,-11.326632838642016
-53.320536751490934,-11.326722670170428
-53.30948747349626,-11.326722670170428
-53.16144511467336,-11.326722670170428
-53.321255403718226,-11.32681250169884
-53.31999776232046,-11.32681250169884
-53.31990793079205,-11.32681250169884
-53.159648484105126,-11.32681250169884
-53.32089607760458,-11.326902333227252
-53.32080624607617,-11.326902333227252
-53.31622483812716,-11.326902333227252
-53.17707580061705,-11.326902333227252
-53.170338435986146,-11.326902333227252
-53.17024860445774,-11.326902333227252
-53.32089607760458,-11.326992164755664
-53.32080624607617,-11.326992164755664
-53.31622483812716,-11.326992164755664
-53.170338435986146,-11.326992164755664
-53.17024860445774,-11.326992164755664
-53.31595534354192,-11.327081996284075
-53.31999776232046,-11.327171827812489
-53.31514685978622,-11.327171827812489
-53.32215371900235,-11.3272616593409
-53.160995957031304,-11.3272616593409
-53.1609061255029,-11.3272616593409
-53.32215371900235,-11.327351490869312
-53.32215371900235,-11.327441322397723
-53.31020612572356,-11.327441322397723
-53.17545883310563,-11.327441322397723
-53.32314186581488,-11.327531153926136
-53.31586551201351,-11.327531153926136
-53.1751893385204,-11.32771081698296
-53.32269270817282,-11.32780064851137
-53.32260287664441,-11.32780064851137
-53.322513045116,-11.32780064851137
-53.18291484996382,-11.32780064851137
-53.18264535537859,-11.32780064851137
-53.32269270817282,-11.327890480039784
-53.32260287664441,-11.327890480039784
-53.322513045116,-11.327890480039784
-53.18291484996382,-11.327890480039784
-53.18264535537859,-11.327890480039784
-53.32278253970123,-11.327980311568195
-53.32269270817282,-11.327980311568195
-53.32260287664441,-11.327980311568195
-53.322513045116,-11.327980311568195
-53.15839084270736,-11.327980311568195
-53.15830101117895,-11.327980311568195
-53.322962202758056,-11.328070143096607
-53.32287237122964,-11.328070143096607
-53.32278253970123,-11.328070143096607
-53.32269270817282,-11.328070143096607
-53.32260287664441,-11.328070143096607
-53.32188422441711,-11.328070143096607
-53.321255403718226,-11.328070143096607
-53.182016534679704,-11.32815997462502
-53.18192670315129,-11.328249806153432
-53.16881130000315,-11.328249806153432
-53.316943490354454,-11.328339637681843
-53.32448933874106,-11.328519300738668
-53.17833344201481,-11.328519300738668
-53.18021990411146,-11.32869896379549
-53.17914192577052,-11.32869896379549
-53.32305203428647,-11.328878626852315
-53.322962202758056,-11.328968458380727
-53.178423273543224,-11.328968458380727
-53.17788428437275,-11.328968458380727
-53.17914192577052,-11.329058289909138
-53.180848724810346,-11.329148121437552
-53.3233215288717,-11.329237952965963
-53.17815377895799,-11.329237952965963
-53.32448933874106,-11.329327784494374
-53.322962202758056,-11.329327784494374
-53.17995040952623,-11.329327784494374
-53.17698596908863,-11.329327784494374
-53.17617748533293,-11.329327784494374
-53.32457917026947,-11.329417616022786
-53.32448933874106,-11.329417616022786
-53.32116557218982,-11.329417616022786
-53.325118159439945,-11.3295074475512
-53.32457917026947,-11.3295074475512
-53.325118159439945,-11.32959727907961
-53.32457917026947,-11.32959727907961
-53.324040181099,-11.329687110608022
-53.32224355053076,-11.329687110608022
-53.175818159219276,-11.329687110608022
-53.32547748555359,-11.329776942136434
-53.32547748555359,-11.329866773664847
-53.31775197411016,-11.329866773664847
-53.17644697991816,-11.329866773664847
-53.32287237122964,-11.329956605193258
-53.32538765402518,-11.330136268250083
-53.32215371900235,-11.330226099778494
-53.32143506677505,-11.330226099778494
-53.32134523524664,-11.330226099778494
-53.321255403718226,-11.330226099778494
-53.32305203428647,-11.330585425892142
-53.32287237122964,-11.330585425892142
-53.32116557218982,-11.330675257420554
-53.32062658301935,-11.330675257420554
-53.31918927856476,-11.330675257420554
-53.31856045786587,-11.330675257420554
-53.31891978397952,-11.33094475200579
-53.31811130022381,-11.33094475200579
-53.32278253970123,-11.331034583534201
-53.32457917026947,-11.331124415062614
-53.32439950721265,-11.331573572704674
-53.32430967568423,-11.331573572704674
-53.16809264777585,-11.331573572704674
-53.16800281624744,-11.331573572704674
-53.12973458514395,-11.331573572704674
-53.16926045764521,-11.331663404233085
-53.15479758157088,-11.331932898818321
-53.15470775004247,-11.331932898818321
-53.17186557196915,-11.332112561875146
-53.16944012070203,-11.332112561875146
-53.13467531920661,-11.332112561875146
-53.32395034957059,-11.332202393403557
-53.32395034957059,-11.332292224931969
-53.17024860445774,-11.33238205646038
-53.15434842392882,-11.33238205646038
-53.1361126236612,-11.33238205646038
-53.322962202758056,-11.332471887988794
-53.325746980138824,-11.332561719517205
-53.134585487678194,-11.332651551045617
-53.32278253970123,-11.332921045630853
-53.319368941621576,-11.333010877159264
-53.1369211074169,-11.333010877159264
-53.167284164020145,-11.3332803717445
-53.32314186581488,-11.333370203272912
-53.31909944703634,-11.333370203272912
-53.31900961550793,-11.333370203272912
-53.137909254229434,-11.333370203272912
-53.1353939714339,-11.333370203272912
-53.135304139905486,-11.333370203272912
-53.13494481379184,-11.333370203272912
-53.3195486046784,-11.333460034801325
-53.31909944703634,-11.333460034801325
-53.31900961550793,-11.333460034801325
-53.13494481379184,-11.333460034801325
-53.31909944703634,-11.333549866329736
-53.31900961550793,-11.333549866329736
-53.13494481379184,-11.333549866329736
-53.317212984939694,-11.333639697858148
-53.137460096587375,-11.333639697858148
-53.13494481379184,-11.333639697858148
-53.13485498226343,-11.333639697858148
-53.13638211824643,-11.333909192443384
-53.13638211824643,-11.333999023971796
-53.31972826773523,-11.334268518557032
-53.13593296060437,-11.334268518557032
-53.13593296060437,-11.334358350085443
-53.32502832791153,-11.334448181613856
-53.32457917026947,-11.334448181613856
-53.3195486046784,-11.334448181613856
-53.324130012627414,-11.334538013142268
-53.17051809904297,-11.334538013142268
-53.135573634490726,-11.334807507727504
-53.32538765402518,-11.334987170784327
-53.15955865257671,-11.33507700231274
-53.324669001797886,-11.335346496897975
-53.32448933874106,-11.335346496897975
-53.1706977620998,-11.335705823011624
-53.170607930571386,-11.335705823011624
-53.1706977620998,-11.335795654540036
-53.170607930571386,-11.335795654540036
-53.32448933874106,-11.335885486068447
-53.3217943928887,-11.335885486068447
-53.32170456136029,-11.335885486068447
-53.32278253970123,-11.336154980653683
-53.323411360400115,-11.336334643710506
-53.32314186581488,-11.33642447523892
-53.32359102345694,-11.33651430676733
-53.32350119192853,-11.33651430676733
-53.17078759362821,-11.33651430676733
-53.160367136332425,-11.33696346440939
-53.160367136332425,-11.337502453579862
-53.160367136332425,-11.337592285108274
-53.15928915799148,-11.337682116636687
-53.155516233798174,-11.337771948165098
-53.155516233798174,-11.337951611221921
-53.16108578855972,-11.33831093733557
-53.1617146092586,-11.338580431920805
-53.169170626116795,-11.338939758034453
-53.161534946201776,-11.338939758034453
-53.16234342995749,-11.339029589562866
-53.15982814716195,-11.339029589562866
-53.15955865257671,-11.339029589562866
-53.168451973889496,-11.339119421091278
-53.16252309301431,-11.339209252619689
-53.16252309301431,-11.339299084148102
-53.16135528314496,-11.339388915676514
-53.159378989519894,-11.339568578733337
-53.16854180541791,-11.33965841026175
-53.163421408298426,-11.339748241790161
-53.16234342995749,-11.339748241790161
-53.163421408298426,-11.340017736375398
-53.139616053269265,-11.340017736375398
-53.16782315319062,-11.340287230960634
-53.167284164020145,-11.340377062489045
-53.16405022899731,-11.340646557074281
-53.1639603974689,-11.340646557074281
-53.13862790645673,-11.340646557074281
-53.16476888122461,-11.340826220131104
-53.14015504243973,-11.340826220131104
-53.136471949774844,-11.340916051659516
-53.13853807492832,-11.341005883187929
-53.13853807492832,-11.34109571471634
-53.13629228671802,-11.342083861528872
-53.136202455189604,-11.342083861528872
-53.1361126236612,-11.342083861528872
-53.13593296060437,-11.342173693057283
-53.13826858034308,-11.342353356114108
-53.13593296060437,-11.342353356114108
-53.13862790645673,-11.342622850699344
-53.136022792132785,-11.342622850699344
-53.13512447684867,-11.342622850699344
-53.379915391771235,-11.344868638909642
-53.380903538583766,-11.345138133494878
-53.38072387552694,-11.345587291136939
-53.38045438094171,-11.345587291136939
-53.38153235928265,-11.34567712266535
-53.381352696225825,-11.34567712266535
-53.38153235928265,-11.345766954193762
-53.38153235928265,-11.345856785722173
-53.38144252775424,-11.345856785722173
-53.38153235928265,-11.345946617250586
-53.38144252775424,-11.345946617250586
-53.38099337011218,-11.345946617250586
-53.380903538583766,-11.345946617250586
-53.14015504243973,-11.346485606421057
-53.38162219081106,-11.34702459559153
-53.14024487396814,-11.34702459559153
-53.14509577650239,-11.347204258648354
-53.14500594497398,-11.347204258648354
-53.14509577650239,-11.347294090176765
-53.14500594497398,-11.347294090176765
-53.13826858034308,-11.347383921705177
-53.3834188213793,-11.347563584762002
-53.38261033762359,-11.347563584762002
-53.3834188213793,-11.347653416290413
-53.13826858034308,-11.347653416290413
-53.13808891728626,-11.347653416290413
-53.38359848443612,-11.34792291087565
-53.383508652907715,-11.34792291087565
-53.1474313962411,-11.348551731574533
-53.14689240707063,-11.348551731574533
-53.14680257554222,-11.348551731574533
-53.38332898985089,-11.349989036029124
-53.38332898985089,-11.350078867557535
-53.13826858034308,-11.351336508955303
-53.138897401041966,-11.351516172012127
-53.13880756951355,-11.351516172012127
-53.13224986793948,-11.352773813409895
-53.13844824339991,-11.352953476466718
-53.13018374278601,-11.353402634108777
-53.130093911257596,-11.353402634108777
-53.13000407972918,-11.353402634108777
-53.331226703371954,-11.35349246563719
-53.13018374278601,-11.35349246563719
-53.130093911257596,-11.35349246563719
-53.13000407972918,-11.35349246563719
-53.130093911257596,-11.353582297165602
-53.13000407972918,-11.353582297165602
-53.35593037368524,-11.353761960222426
-53.14383813510462,-11.354121286336074
-53.13108205807013,-11.354211117864486
-53.142221167593206,-11.354300949392897
-53.13126172112695,-11.354300949392897
-53.142221167593206,-11.35439078092131
-53.13126172112695,-11.35439078092131
-53.143927966633036,-11.354480612449722
-53.13216003641107,-11.354480612449722
-53.14276015676368,-11.35483993856337
-53.363745716657085,-11.35492977009178
-53.363745716657085,-11.355019601620192
-53.13108205807013,-11.355109433148606
-53.13108205807013,-11.355199264677017
-53.36114060233314,-11.355289096205428
-53.36069144469108,-11.355289096205428
-53.360601613162665,-11.355289096205428
-53.14114318925226,-11.3558280853759
-53.36922543989021,-11.357894210529375
-53.13395666697931,-11.360050167211263
-53.13377700392248,-11.360319661796499
-53.13189054182583,-11.360319661796499
-53.13180071029742,-11.360319661796499
-53.13126172112695,-11.360319661796499
-53.13826858034308,-11.360499324853322
-53.13826858034308,-11.360678987910147
-53.36976442906068,-11.361038314023794
-53.37012375517433,-11.36130780860903
-53.37012375517433,-11.361397640137442
-53.37075257587321,-11.36175696625109
-53.14832971152522,-11.362475618478385
-53.15138398349123,-11.362924776120444
-53.14931785833775,-11.363014607648857
-53.148868700695694,-11.363373933762505
-53.37147122810051,-11.363463765290916
-53.15021617362187,-11.363463765290916
-53.15021617362187,-11.363553596819328
-53.148419543053635,-11.363823091404564
-53.148419543053635,-11.363912922932975
-53.14509577650239,-11.363912922932975
-53.14500594497398,-11.363912922932975
-53.148419543053635,-11.364002754461389
-53.14635341790016,-11.364002754461389
-53.148419543053635,-11.3640925859898
-53.14635341790016,-11.3640925859898
-53.14689240707063,-11.364272249046625
-53.14680257554222,-11.364272249046625
-53.14994667903664,-11.365080732802332
-53.13997537938291,-11.365170564330743
-53.14788055388316,-11.365350227387568
-53.37192038574257,-11.36588921655804
-53.140065210911324,-11.365979048086452
-53.140065210911324,-11.366607868785335
-53.13997537938291,-11.366607868785335
-53.140065210911324,-11.366697700313747
-53.13997537938291,-11.366697700313747
-53.140065210911324,-11.366787531842158
-53.13997537938291,-11.366787531842158
-53.13943639021244,-11.366787531842158
-53.13485498226343,-11.366787531842158
-53.14015504243973,-11.366877363370572
-53.140065210911324,-11.366877363370572
-53.13467531920661,-11.366877363370572
-53.133866835450895,-11.366877363370572
-53.14015504243973,-11.366967194898983
-53.133866835450895,-11.366967194898983
-53.14015504243973,-11.367057026427394
-53.1398855478545,-11.367146857955806
-53.139616053269265,-11.368135004768337
-53.35404391158859,-11.368943488524046
-53.136022792132785,-11.369033320052457
-53.351528628793055,-11.369482477694516
-53.35143879726464,-11.369482477694516
-53.35251677560559,-11.369662140751341
-53.35404391158859,-11.369751972279753
-53.35251677560559,-11.369751972279753
-53.35619986827048,-11.370021466864989
-53.356110036742066,-11.370021466864989
-53.35602020521365,-11.370021466864989
-53.35619986827048,-11.3701112983934
-53.356110036742066,-11.3701112983934
-53.35602020521365,-11.3701112983934
-53.35602020521365,-11.370201129921814
-53.35233711254877,-11.370201129921814
-53.35602020521365,-11.370290961450225
-53.35233711254877,-11.370290961450225
-53.35305576477606,-11.370380792978636
-53.130992226541714,-11.370380792978636
-53.1309023950133,-11.370380792978636
-53.12973458514395,-11.37047062450705
-53.130992226541714,-11.370560456035461
-53.1309023950133,-11.370560456035461
-53.130093911257596,-11.370560456035461
-53.13000407972918,-11.370560456035461
-53.352786270190826,-11.370650287563873
-53.132699025581545,-11.370650287563873
-53.13260919405313,-11.370650287563873
-53.353415090889705,-11.370740119092284
-53.35287610171923,-11.370740119092284
-53.13251936252472,-11.370740119092284
-53.35404391158859,-11.370829950620697
-53.13332784628042,-11.370829950620697
-53.35449306923065,-11.370919782149109
-53.354403237702236,-11.370919782149109
